ticker,exchange,latest_close,last_session,adtv7,history_rows,outstanding_shares,listed_volume,cached_at,shares_reference,market_cap_est,market_cap_pct,adtv7_pct,combined_score,universe_rank,selection_source,selection_logic
HPG,HOSE,28.55,2026-04-21,41450457.14285714,80,7675465855,7675,2026-04-21 21:05:43,7675465855,219134550160.25,0.9906542056074766,0.9984423676012462,0.9945482866043613,1,KBS,50% market_cap_est + 50% 7d_adtv
VPB,HOSE,27.55,2026-04-21,15565057.142857144,80,7933923601,7934,2026-04-21 21:15:42,7933923601,218579595207.55002,0.9890965732087228,0.9875389408099688,0.9883177570093458,2,KBS,50% market_cap_est + 50% 7d_adtv
MBB,HOSE,26.3,2026-04-21,12943200.0,80,8054999909,8055,2026-04-21 21:07:26,8054999909,211846497606.7,0.9875389408099688,0.9828660436137072,0.9852024922118381,3,KBS,50% market_cap_est + 50% 7d_adtv
TCB,HOSE,32.7,2026-04-21,10971214.285714285,80,7086240414,7086,2026-04-21 21:12:52,7086240414,231720061537.80002,0.9922118380062306,0.9750778816199377,0.9836448598130841,4,KBS,50% market_cap_est + 50% 7d_adtv
HDB,HOSE,26.7,2026-04-21,11504800.0,80,5005276323,5005,2026-04-21 21:05:13,5005276323,133640877824.09999,0.9797507788161994,0.9797507788161994,0.9797507788161994,5,KBS,50% market_cap_est + 50% 7d_adtv
SHB,HOSE,15.15,2026-04-21,83643628.57142857,80,4593703838,4594,2026-04-21 21:11:52,4593703838,69594613145.7,0.9579439252336449,1.0,0.9789719626168225,6,KBS,50% market_cap_est + 50% 7d_adtv
BSR,HOSE,26.1,2026-04-21,11274114.285714285,80,5007299686,5007,2026-04-21 21:01:25,5007299686,130690521804.6,0.9781931464174455,0.9781931464174455,0.9781931464174455,7,KBS,50% market_cap_est + 50% 7d_adtv
SSI,HOSE,28.3,2026-04-21,22327171.42857143,80,2491097752,2493,2026-04-21 21:12:29,2491097752,70498066381.6,0.9610591900311527,0.9906542056074766,0.9758566978193146,8,KBS,50% market_cap_est + 50% 7d_adtv
FPT,HOSE,75.1,2026-04-21,9194457.142857144,80,1703507121,1704,2026-04-21 21:04:21,1703507121,127933384787.09999,0.9735202492211839,0.9672897196261683,0.9704049844236761,9,KBS,50% market_cap_est + 50% 7d_adtv
VHM,HOSE,145.8,2026-04-21,6504657.142857143,80,4107412004,4107,2026-04-21 21:15:06,4107412004,598860670183.2001,0.9984423676012462,0.940809968847352,0.969626168224299,10,KBS,50% market_cap_est + 50% 7d_adtv
BID,HOSE,40.4,2026-04-21,5956014.285714285,80,7021361917,7021,2026-04-21 21:01:10,7021361917,283663021446.8,0.9953271028037384,0.9392523364485982,0.9672897196261683,11,KBS,50% market_cap_est + 50% 7d_adtv
VIC,HOSE,193.7,2026-04-21,5348185.714285715,80,7733491896,7706,2026-04-21 21:15:09,7733491896,1497977380255.2,1.0,0.9330218068535826,0.9665109034267914,12,KBS,50% market_cap_est + 50% 7d_adtv
VCB,HOSE,59.6,2026-04-21,5830085.714285715,80,8355675094,8356,2026-04-21 21:14:38,8355675094,497998235602.4,0.9968847352024922,0.9361370716510904,0.9665109034267914,13,KBS,50% market_cap_est + 50% 7d_adtv
NVL,HOSE,17.7,2026-04-21,27819971.42857143,80,2232018549,2232,2026-04-21 21:08:44,2232018549,39506728317.299995,0.9361370716510904,0.9953271028037384,0.9657320872274144,14,KBS,50% market_cap_est + 50% 7d_adtv
ACB,HOSE,23.75,2026-04-21,8711228.57142857,80,5136656599,5137,2026-04-21 21:00:10,5136656599,121995594226.25,0.9688473520249221,0.9595015576323987,0.9641744548286604,15,KBS,50% market_cap_est + 50% 7d_adtv
CTG,HOSE,34.85,2026-04-21,5247542.857142857,80,7766944637,7767,2026-04-21 21:02:39,7766944637,270678020599.45,0.9937694704049844,0.9314641744548287,0.9626168224299065,16,KBS,50% market_cap_est + 50% 7d_adtv
MWG,HOSE,85.6,2026-04-21,7352242.857142857,80,1468423529,1470,2026-04-21 21:07:58,1468423529,125697054082.4,0.9704049844236761,0.9532710280373832,0.9618380062305296,17,KBS,50% market_cap_est + 50% 7d_adtv
EIB,HOSE,22.95,2026-04-21,12885228.57142857,80,1862720607,1869,2026-04-21 21:04:00,1862720607,42749437930.65,0.9392523364485982,0.9813084112149533,0.9602803738317758,18,KBS,50% market_cap_est + 50% 7d_adtv
VRE,HOSE,29.3,2026-04-21,9020471.42857143,80,2272318410,2329,2026-04-21 21:15:55,2272318410,66578929413.0,0.9548286604361371,0.9641744548286605,0.9595015576323989,19,KBS,50% market_cap_est + 50% 7d_adtv
MSN,HOSE,79.0,2026-04-21,6784185.714285715,80,1520491927,1446,2026-04-21 21:07:53,1520491927,120118862233.0,0.9672897196261683,0.9454828660436138,0.956386292834891,20,KBS,50% market_cap_est + 50% 7d_adtv
HCM,HOSE,27.3,2026-04-21,22406585.714285713,80,1079956671,1081,2026-04-21 21:05:09,1079956671,29482817118.3,0.9205607476635514,0.9922118380062306,0.956386292834891,21,KBS,50% market_cap_est + 50% 7d_adtv
POW,HOSE,13.1,2026-04-21,10925528.57142857,80,3067845688,3068,2026-04-21 21:09:58,3067845688,40188778512.799995,0.9376947040498442,0.9735202492211839,0.955607476635514,22,KBS,50% market_cap_est + 50% 7d_adtv
MSB,HOSE,12.45,2026-04-21,11238057.142857144,80,3120000000,3120,2026-04-21 21:07:51,3120000000,38844000000.0,0.9345794392523364,0.9766355140186916,0.955607476635514,23,KBS,50% market_cap_est + 50% 7d_adtv
VIX,HOSE,17.05,2026-04-21,37497657.14285714,80,1531429858,1531,2026-04-21 21:15:18,1531429858,26110879078.9,0.9143302180685359,0.9968847352024922,0.955607476635514,24,KBS,50% market_cap_est + 50% 7d_adtv
STB,HOSE,67.7,2026-04-21,5902042.857142857,80,1885215716,1885,2026-04-21 21:12:32,1885215716,127629103973.20001,0.9719626168224299,0.9376947040498442,0.9548286604361371,25,KBS,50% market_cap_est + 50% 7d_adtv
VIB,HOSE,17.2,2026-04-21,7898271.428571428,80,3404005710,3404,2026-04-21 21:15:07,3404005710,58548898212.0,0.9532710280373832,0.956386292834891,0.9548286604361371,26,KBS,50% market_cap_est + 50% 7d_adtv
GEX,HOSE,40.3,2026-04-21,9247500.0,80,902398948,902,2026-04-21 21:04:34,902398948,36366677604.399994,0.9314641744548287,0.9688473520249221,0.9501557632398754,27,KBS,50% market_cap_est + 50% 7d_adtv
VNM,HOSE,61.6,2026-04-21,3716471.4285714286,80,2089955445,2090,2026-04-21 21:15:35,2089955445,128741255412.0,0.9750778816199377,0.9221183800623053,0.9485981308411215,28,KBS,50% market_cap_est + 50% 7d_adtv
GVR,HOSE,32.65,2026-04-21,3499171.4285714286,80,4000000000,4000,2026-04-21 21:04:51,4000000000,130600000000.0,0.9766355140186916,0.9158878504672897,0.9462616822429907,29,KBS,50% market_cap_est + 50% 7d_adtv
TPB,HOSE,16.25,2026-04-21,6971900.0,80,2774046873,2774,2026-04-21 21:13:58,2774046873,45078261686.25,0.940809968847352,0.9485981308411215,0.9447040498442367,30,KBS,50% market_cap_est + 50% 7d_adtv
VND,HOSE,16.65,2026-04-21,9773485.714285715,80,1522299908,1522,2026-04-21 21:15:28,1522299908,25346293468.199997,0.9112149532710281,0.9704049844236761,0.9408099688473521,31,KBS,50% market_cap_est + 50% 7d_adtv
VCI,HOSE,26.8,2026-04-21,7556285.714285715,80,1147631925,1148,2026-04-21 21:14:44,1147631925,30756535590.0,0.9236760124610592,0.9548286604361371,0.9392523364485982,32,KBS,50% market_cap_est + 50% 7d_adtv
VCK,HOSE,34.0,2026-04-21,4310285.714285715,80,1521825700,1522,2026-04-21 21:14:46,1521825700,51742073800.0,0.9454828660436138,0.926791277258567,0.9361370716510904,33,KBS,50% market_cap_est + 50% 7d_adtv
DXG,HOSE,14.7,2026-04-21,14057314.285714285,80,1112384189,1114,2026-04-21 21:03:52,1112384189,16352047578.3,0.8862928348909658,0.985981308411215,0.9361370716510904,34,KBS,50% market_cap_est + 50% 7d_adtv
SHS,HNX,17.4,2026-04-21,17619400.0,80,899462220,899,2026-04-21 21:12:00,899462220,15650642627.999998,0.8800623052959502,0.9890965732087228,0.9345794392523366,35,KBS,50% market_cap_est + 50% 7d_adtv
CII,HOSE,18.6,2026-04-21,24915928.57142857,80,671985291,672,2026-04-21 21:02:00,671985291,12498926412.6,0.8644859813084113,0.9937694704049844,0.9291277258566979,36,KBS,50% market_cap_est + 50% 7d_adtv
HAG,HOSE,16.35,2026-04-21,6977685.714285715,80,1267399283,1267,2026-04-21 21:04:54,1267399283,20721978277.050003,0.9049844236760125,0.9501557632398754,0.927570093457944,37,KBS,50% market_cap_est + 50% 7d_adtv
KBC,HOSE,34.15,2026-04-21,4174114.285714286,80,941754759,942,2026-04-21 21:06:33,941754759,32160925019.85,0.9283489096573209,0.9252336448598131,0.9267912772585669,38,KBS,50% market_cap_est + 50% 7d_adtv
LPB,HOSE,47.05,2026-04-21,1390400.0,80,2987282100,2987,2026-04-21 21:07:20,2987282100,140551622805.0,0.9813084112149533,0.8707165109034268,0.92601246105919,39,KBS,50% market_cap_est + 50% 7d_adtv
TCH,HOSE,16.7,2026-04-21,10261757.142857144,80,912109224,912,2026-04-21 21:12:55,912109224,15232224040.8,0.8785046728971962,0.9719626168224299,0.9252336448598131,40,KBS,50% market_cap_est + 50% 7d_adtv
GEL,HOSE,32.9,2026-04-21,4333842.857142857,48,890000000,890,2026-04-21 21:04:32,890000000,29281000000.0,0.9190031152647975,0.9283489096573209,0.9236760124610592,41,KBS,50% market_cap_est + 50% 7d_adtv
GAS,HOSE,78.7,2026-04-21,1167457.142857143,80,2412949756,2413,2026-04-21 21:04:25,2412949756,189899145797.2,0.985981308411215,0.8598130841121495,0.9228971962616823,42,KBS,50% market_cap_est + 50% 7d_adtv
PDR,HOSE,16.15,2026-04-21,8875557.142857144,80,997809379,998,2026-04-21 21:09:08,997809379,16114621470.849998,0.883177570093458,0.9626168224299065,0.9228971962616823,43,KBS,50% market_cap_est + 50% 7d_adtv
PLX,HOSE,39.35,2026-04-21,2584071.4285714286,80,1270592235,1294,2026-04-21 21:09:42,1270592235,49997804447.25,0.9439252336448598,0.9003115264797508,0.9221183800623053,44,KBS,50% market_cap_est + 50% 7d_adtv
KDH,HOSE,25.7,2026-04-21,3878742.8571428573,80,1122214899,1122,2026-04-21 21:06:36,1122214899,28840922904.3,0.9174454828660437,0.9236760124610592,0.9205607476635514,45,KBS,50% market_cap_est + 50% 7d_adtv
VJC,HOSE,175.7,2026-04-21,1481228.5714285714,80,591611334,592,2026-04-21 21:15:19,591611334,103946111383.79999,0.9641744548286605,0.8738317757009346,0.9190031152647975,46,KBS,50% market_cap_est + 50% 7d_adtv
VCG,HOSE,22.0,2026-04-21,8762585.714285715,80,646468336,646,2026-04-21 21:14:43,646468336,14222303392.0,0.8753894080996885,0.9610591900311527,0.9182242990654206,47,KBS,50% market_cap_est + 50% 7d_adtv
VPL,HOSE,83.7,2026-04-21,1027814.2857142857,80,1793300377,1793,2026-04-21 21:15:50,1793300377,150099241554.9,0.9828660436137072,0.8473520249221184,0.9151090342679128,48,KBS,50% market_cap_est + 50% 7d_adtv
SSB,HOSE,16.8,2026-04-21,2038328.5714285714,80,2845000000,2845,2026-04-21 21:12:26,2845000000,47796000000.0,0.942367601246106,0.8862928348909658,0.9143302180685359,49,KBS,50% market_cap_est + 50% 7d_adtv
DCM,HOSE,44.75,2026-04-21,3527171.4285714286,80,529400000,529,2026-04-21 21:03:01,529400000,23690650000.0,0.9096573208722741,0.9174454828660437,0.9135514018691588,50,KBS,50% market_cap_est + 50% 7d_adtv
DIG,HOSE,14.15,2026-04-21,9070914.285714285,80,796431191,796,2026-04-21 21:03:16,796431191,11269501352.65,0.8582554517133957,0.9657320872274143,0.911993769470405,51,KBS,50% market_cap_est + 50% 7d_adtv
CEO,HNX,16.9,2026-04-21,13129485.714285715,80,567416075,567,2026-04-21 21:01:52,567416075,9589331667.5,0.8364485981308412,0.9844236760124611,0.9104361370716512,52,KBS,50% market_cap_est + 50% 7d_adtv
DPM,HOSE,28.2,2026-04-21,3707071.4285714286,80,679925021,680,2026-04-21 21:03:26,679925021,19173885592.2,0.8956386292834891,0.9205607476635514,0.9080996884735203,53,KBS,50% market_cap_est + 50% 7d_adtv
TCX,HOSE,51.0,2026-04-21,1026771.4285714285,80,2311583496,2312,2026-04-21 21:13:05,2311583496,117890758296.0,0.9657320872274143,0.8457943925233645,0.9057632398753894,54,KBS,50% market_cap_est + 50% 7d_adtv
VPX,HOSE,28.15,2026-04-21,1256828.5714285714,80,1875000000,1875,2026-04-21 21:15:52,1875000000,52781250000.0,0.9470404984423676,0.8644859813084113,0.9057632398753894,55,KBS,50% market_cap_est + 50% 7d_adtv
VPI,HOSE,60.9,2026-04-21,3114642.8571428573,80,320049577,320,2026-04-21 21:15:48,320049577,19491019239.3,0.897196261682243,0.9112149532710281,0.9042056074766356,56,KBS,50% market_cap_est + 50% 7d_adtv
OCB,HOSE,11.45,2026-04-21,2037300.0,80,2663052284,2663,2026-04-21 21:08:47,2663052284,30491948651.8,0.9221183800623053,0.8847352024922118,0.9034267912772586,57,KBS,50% market_cap_est + 50% 7d_adtv
DGC,HOSE,53.3,2026-04-21,2682814.285714286,80,379778413,380,2026-04-21 21:03:04,379778413,20242189412.899998,0.9034267912772586,0.9018691588785047,0.9026479750778816,58,KBS,50% market_cap_est + 50% 7d_adtv
PVS,HNX,38.5,2026-04-21,3033642.8571428573,80,511420099,511,2026-04-21 21:10:48,511420099,19689673811.5,0.8987538940809969,0.9065420560747663,0.9026479750778816,59,KBS,50% market_cap_est + 50% 7d_adtv
PVD,HOSE,32.5,2026-04-21,3061128.5714285714,80,555880006,556,2026-04-21 21:10:36,555880006,18066100195.0,0.8940809968847352,0.9096573208722741,0.9018691588785046,60,KBS,50% market_cap_est + 50% 7d_adtv
EVF,HOSE,13.75,2026-04-21,6692014.285714285,80,760565802,761,2026-04-21 21:04:06,760565802,10457779777.5,0.8520249221183801,0.9439252336448598,0.89797507788162,61,KBS,50% market_cap_est + 50% 7d_adtv
GMD,HOSE,74.0,2026-04-21,1235800.0,80,426495109,426,2026-04-21 21:04:44,426495109,31560638066.0,0.9252336448598131,0.8629283489096573,0.8940809968847352,62,KBS,50% market_cap_est + 50% 7d_adtv
HVN,HOSE,22.5,2026-04-21,759171.4285714285,80,3111498211,3111,2026-04-21 21:06:05,3111498211,70008709747.5,0.9595015576323987,0.8255451713395638,0.8925233644859814,63,KBS,50% market_cap_est + 50% 7d_adtv
GEE,HOSE,188.0,2026-04-21,787314.2857142857,80,365999956,366,2026-04-21 21:04:30,365999956,68807991728.0,0.956386292834891,0.8286604361370716,0.8925233644859814,64,KBS,50% market_cap_est + 50% 7d_adtv
HSG,HOSE,16.1,2026-04-21,6561300.0,80,620982309,621,2026-04-21 21:05:49,620982309,9997815174.900002,0.8426791277258567,0.942367601246106,0.8925233644859814,65,KBS,50% market_cap_est + 50% 7d_adtv
HUT,HNX,16.5,2026-04-21,2262871.4285714286,80,1068285581,1068,2026-04-21 21:06:02,1068285581,17626712086.5,0.8894080996884736,0.8925233644859814,0.8909657320872275,66,KBS,50% market_cap_est + 50% 7d_adtv
IDC,HNX,46.3,2026-04-21,2295542.8571428573,80,379498823,379,2026-04-21 21:06:12,379498823,17570795504.899998,0.8878504672897196,0.8940809968847352,0.8909657320872274,67,KBS,50% market_cap_est + 50% 7d_adtv
NAB,HOSE,13.5,2026-04-21,1435385.7142857143,80,1715686480,1716,2026-04-21 21:07:59,1715686480,23161767480.0,0.9080996884735203,0.8722741433021807,0.8901869158878505,68,KBS,50% market_cap_est + 50% 7d_adtv
PVT,HOSE,22.1,2026-04-21,5232471.428571428,80,469931235,470,2026-04-21 21:10:50,469931235,10385480293.5,0.8504672897196262,0.9299065420560748,0.8901869158878505,69,KBS,50% market_cap_est + 50% 7d_adtv
PNJ,HOSE,111.9,2026-04-21,964342.8571428572,80,341149107,341,2026-04-21 21:09:54,341149107,38174585073.3,0.9330218068535826,0.8442367601246106,0.8886292834890965,70,KBS,50% market_cap_est + 50% 7d_adtv
MBS,HNX,20.0,2026-04-21,3039400.0,80,667288940,667,2026-04-21 21:07:29,667288940,13345778800.0,0.8691588785046729,0.9080996884735203,0.8886292834890965,71,KBS,50% market_cap_est + 50% 7d_adtv
REE,HOSE,64.8,2026-04-21,923971.4285714285,80,541658139,542,2026-04-21 21:11:02,541658139,35099447407.2,0.9299065420560748,0.8426791277258567,0.8862928348909658,72,KBS,50% market_cap_est + 50% 7d_adtv
NLG,HOSE,28.15,2026-04-21,2370414.285714286,80,485097383,485,2026-04-21 21:08:28,485097383,13655491331.449999,0.8707165109034268,0.897196261682243,0.8839563862928349,73,KBS,50% market_cap_est + 50% 7d_adtv
HHV,HOSE,12.6,2026-04-21,8204071.428571428,80,547166296,547,2026-04-21 21:05:25,547166296,6894295329.599999,0.8099688473520249,0.9579439252336449,0.8839563862928349,74,KBS,50% market_cap_est + 50% 7d_adtv
BCM,HOSE,55.6,2026-04-21,630371.4285714285,80,1035000000,1035,2026-04-21 21:01:03,1035000000,57546000000.0,0.9501557632398754,0.8146417445482866,0.882398753894081,75,KBS,50% market_cap_est + 50% 7d_adtv
BVH,HOSE,71.2,2026-04-21,634085.7142857143,80,742322764,742,2026-04-21 21:01:32,742322764,52853380796.8,0.9485981308411215,0.8161993769470405,0.882398753894081,76,KBS,50% market_cap_est + 50% 7d_adtv
VSC,HOSE,23.45,2026-04-21,5773400.0,80,374370362,374,2026-04-21 21:15:58,374370362,8778984988.9,0.8302180685358256,0.9345794392523364,0.882398753894081,77,KBS,50% market_cap_est + 50% 7d_adtv
BAF,HOSE,36.65,2026-04-21,3024600.0,80,304021642,304,2026-04-21 21:00:52,304021642,11142393179.3,0.8566978193146417,0.9049844236760125,0.8808411214953271,78,KBS,50% market_cap_est + 50% 7d_adtv
NKG,HOSE,14.5,2026-04-21,6921842.857142857,80,447570881,448,2026-04-21 21:08:26,447570881,6489777774.5,0.8037383177570093,0.9470404984423676,0.8753894080996885,79,KBS,50% market_cap_est + 50% 7d_adtv
VGC,HOSE,44.3,2026-04-21,919757.1428571428,80,448350000,448,2026-04-21 21:14:57,448350000,19861905000.0,0.9003115264797508,0.839563862928349,0.8699376947040498,80,KBS,50% market_cap_est + 50% 7d_adtv
SAB,HOSE,45.15,2026-04-21,507042.85714285716,80,1282562372,1283,2026-04-21 21:11:05,1282562372,57907691095.799995,0.9517133956386293,0.7866043613707165,0.8691588785046729,81,KBS,50% market_cap_est + 50% 7d_adtv
DBC,HOSE,23.1,2026-04-21,2864114.285714286,80,384866667,385,2026-04-21 21:02:55,384866667,8890420007.7,0.8333333333333334,0.9034267912772586,0.868380062305296,82,KBS,50% market_cap_est + 50% 7d_adtv
HDG,HOSE,27.95,2026-04-21,1914871.4285714286,80,369963035,370,2026-04-21 21:05:16,369963035,10340466828.25,0.8489096573208723,0.883177570093458,0.8660436137071652,83,KBS,50% market_cap_est + 50% 7d_adtv
MCH,HOSE,140.1,2026-04-21,312414.28571428574,77,1294460962,1294,2026-04-21 21:07:33,1294460962,181353980776.19998,0.9844236760124611,0.7414330218068536,0.8629283489096573,84,KBS,50% market_cap_est + 50% 7d_adtv
DGW,HOSE,45.5,2026-04-21,1736614.2857142857,80,221168700,221,2026-04-21 21:03:05,221168700,10063175850.0,0.8442367601246106,0.8785046728971962,0.8613707165109035,85,KBS,50% market_cap_est + 50% 7d_adtv
IJC,HOSE,10.3,2026-04-21,3164628.5714285714,80,629580640,630,2026-04-21 21:06:17,629580640,6484680592.0,0.8021806853582555,0.9127725856697819,0.8574766355140186,86,KBS,50% market_cap_est + 50% 7d_adtv
HHS,HOSE,13.25,2026-04-21,3324100.0,80,431985968,432,2026-04-21 21:05:23,431985968,5723814076.0,0.7912772585669782,0.9143302180685359,0.852803738317757,87,KBS,50% market_cap_est + 50% 7d_adtv
VHC,HOSE,62.3,2026-04-21,775728.5714285715,80,224453159,224,2026-04-21 21:15:01,224453159,13983431805.699999,0.8738317757009346,0.8271028037383178,0.8504672897196262,88,KBS,50% market_cap_est + 50% 7d_adtv
ORS,HOSE,13.4,2026-04-21,1660985.7142857143,80,623930904,624,2026-04-21 21:08:54,623930904,8360674113.6,0.8208722741433022,0.8753894080996885,0.8481308411214954,89,KBS,50% market_cap_est + 50% 7d_adtv
SBT,HOSE,20.55,2026-04-21,480785.71428571426,80,876723922,855,2026-04-21 21:11:17,876723922,18016676597.100002,0.8909657320872274,0.778816199376947,0.8348909657320872,90,KBS,50% market_cap_est + 50% 7d_adtv
DXS,HOSE,7.1,2026-04-21,2573428.5714285714,80,579103124,579,2026-04-21 21:03:55,579103124,4111632180.3999996,0.7679127725856698,0.8987538940809969,0.8333333333333334,91,KBS,50% market_cap_est + 50% 7d_adtv
FRT,HOSE,151.0,2026-04-21,328700.0,80,170301785,170,2026-04-21 21:04:22,170301785,25715569535.0,0.9127725856697819,0.7523364485981309,0.8325545171339563,92,KBS,50% market_cap_est + 50% 7d_adtv
KHG,HOSE,5.46,2026-04-21,7292871.428571428,80,449435205,449,2026-04-21 21:06:39,449435205,2453916219.3,0.7040498442367601,0.9517133956386293,0.8278816199376947,93,KBS,50% market_cap_est + 50% 7d_adtv
HDC,HOSE,18.5,2026-04-21,2343971.4285714286,80,199754571,200,2026-04-21 21:05:15,199754571,3695459563.5,0.7585669781931464,0.8956386292834891,0.8271028037383178,94,KBS,50% market_cap_est + 50% 7d_adtv
FTS,HOSE,27.25,2026-04-21,645657.1428571428,80,346498009,346,2026-04-21 21:04:24,346498009,9442070745.25,0.8348909657320872,0.8193146417445483,0.8271028037383177,95,KBS,50% market_cap_est + 50% 7d_adtv
CTD,HOSE,81.3,2026-04-21,718557.1428571428,80,106500404,109,2026-04-21 21:02:36,106500404,8658482845.199999,0.8286604361370716,0.82398753894081,0.8263239875389408,96,KBS,50% market_cap_est + 50% 7d_adtv
HAH,HOSE,53.4,2026-04-21,598571.4285714285,80,185840401,169,2026-04-21 21:04:56,185840401,9923877413.4,0.8411214953271028,0.8021806853582555,0.8216510903426791,97,KBS,50% market_cap_est + 50% 7d_adtv
NVB,HNX,11.0,2026-04-21,304928.5714285714,80,1924632751,1928,2026-04-21 21:08:42,1924632751,21170960261.0,0.9065420560747663,0.735202492211838,0.8208722741433021,98,KBS,50% market_cap_est + 50% 7d_adtv
ANV,HOSE,24.95,2026-04-21,879871.4285714285,80,266255750,267,2026-04-21 21:00:34,266255750,6643080962.5,0.8068535825545171,0.8348909657320872,0.8208722741433021,99,KBS,50% market_cap_est + 50% 7d_adtv
PAN,HOSE,32.65,2026-04-21,801014.2857142857,80,208894750,216,2026-04-21 21:08:57,208894750,6820413587.5,0.8084112149532711,0.8317757009345794,0.8200934579439252,100,KBS,50% market_cap_est + 50% 7d_adtv
GEG,HOSE,15.0,2026-04-21,878385.7142857143,80,414804371,358,2026-04-21 21:04:31,414804371,6222065565.0,0.7959501557632399,0.8333333333333334,0.8146417445482866,101,KBS,50% market_cap_est + 50% 7d_adtv
DSE,HOSE,23.7,2026-04-21,416400.0,80,428249806,428,2026-04-21 21:03:36,428249806,10149520402.199999,0.8457943925233645,0.7725856697819314,0.809190031152648,102,KBS,50% market_cap_est + 50% 7d_adtv
VAB,HOSE,10.3,2026-04-21,531985.7142857143,80,816360672,816,2026-04-21 21:14:32,816360672,8408514921.6,0.82398753894081,0.7897196261682243,0.8068535825545171,103,KBS,50% market_cap_est + 50% 7d_adtv
BMP,HOSE,151.0,2026-04-21,325985.71428571426,80,81860938,82,2026-04-21 21:01:18,81860938,12361001638.0,0.8629283489096573,0.7492211838006231,0.8060747663551402,104,KBS,50% market_cap_est + 50% 7d_adtv
VTP,HOSE,69.7,2026-04-21,488000.0,80,121783042,122,2026-04-21 21:16:12,121783042,8488278027.400001,0.8271028037383178,0.780373831775701,0.8037383177570094,105,KBS,50% market_cap_est + 50% 7d_adtv
SZC,HOSE,28.35,2026-04-21,714485.7142857143,80,179985863,180,2026-04-21 21:12:46,179985863,5102599216.05,0.7819314641744548,0.822429906542056,0.8021806853582554,106,KBS,50% market_cap_est + 50% 7d_adtv
KDC,HOSE,47.5,2026-04-21,297114.28571428574,80,289806316,290,2026-04-21 21:06:35,289806316,13765800010.0,0.8722741433021807,0.7305295950155763,0.8014018691588785,107,KBS,50% market_cap_est + 50% 7d_adtv
CTS,HOSE,26.9,2026-04-21,623885.7142857143,80,212693438,213,2026-04-21 21:02:45,212693438,5721453482.2,0.7897196261682243,0.8115264797507789,0.8006230529595015,108,KBS,50% market_cap_est + 50% 7d_adtv
SCR,HOSE,6.13,2026-04-21,1901671.4285714286,80,430595036,431,2026-04-21 21:11:23,430595036,2639547570.68,0.7165109034267912,0.881619937694704,0.7990654205607477,109,KBS,50% market_cap_est + 50% 7d_adtv
KOS,HOSE,38.6,2026-04-21,420057.14285714284,80,216481335,216,2026-04-21 21:06:49,216481335,8356179531.0,0.8193146417445483,0.7741433021806854,0.7967289719626168,110,KBS,50% market_cap_est + 50% 7d_adtv
BSI,HOSE,36.15,2026-04-21,346185.71428571426,80,245365943,245,2026-04-21 21:01:23,245365943,8869978839.449999,0.8317757009345794,0.7554517133956387,0.793613707165109,111,KBS,50% market_cap_est + 50% 7d_adtv
TCM,HOSE,23.7,2026-04-21,1324200.0,80,112038755,112,2026-04-21 21:12:59,112038755,2655318493.5,0.7180685358255452,0.8691588785046729,0.793613707165109,112,KBS,50% market_cap_est + 50% 7d_adtv
DPG,HOSE,42.5,2026-04-21,612685.7142857143,80,118587096,119,2026-04-21 21:03:24,118587096,5039951580.0,0.780373831775701,0.8052959501557633,0.7928348909657321,113,KBS,50% market_cap_est + 50% 7d_adtv
TNG,HNX,22.1,2026-04-21,1216342.857142857,80,128731266,129,2026-04-21 21:13:50,128731266,2844960978.6000004,0.7242990654205608,0.8613707165109035,0.7928348909657321,114,KBS,50% market_cap_est + 50% 7d_adtv
VDS,HOSE,14.65,2026-04-21,635071.4285714285,80,272000000,272,2026-04-21 21:14:53,272000000,3984800000.0,0.7663551401869159,0.8177570093457944,0.7920560747663552,115,KBS,50% market_cap_est + 50% 7d_adtv
PET,HOSE,46.9,2026-04-21,569242.8571428572,80,106722131,107,2026-04-21 21:09:12,106722131,5005267943.9,0.778816199376947,0.7990654205607477,0.7889408099688473,116,KBS,50% market_cap_est + 50% 7d_adtv
SIP,HOSE,60.1,2026-04-21,207885.7142857143,80,242112943,242,2026-04-21 21:12:01,242112943,14550987874.300001,0.8769470404984424,0.6962616822429907,0.7866043613707165,117,KBS,50% market_cap_est + 50% 7d_adtv
DCL,HOSE,36.0,2026-04-21,1162614.2857142857,80,73041030,73,2026-04-21 21:02:59,73041030,2629477080.0,0.7149532710280374,0.8566978193146417,0.7858255451713396,118,KBS,50% market_cap_est + 50% 7d_adtv
CMG,HOSE,28.4,2026-04-21,349257.14285714284,80,232900908,233,2026-04-21 21:02:15,232900908,6614385787.2,0.8052959501557633,0.7585669781931464,0.7819314641744548,119,KBS,50% market_cap_est + 50% 7d_adtv
CTR,HOSE,86.1,2026-04-21,288957.14285714284,80,114385879,114,2026-04-21 21:02:44,114385879,9848624181.9,0.839563862928349,0.7227414330218068,0.7811526479750779,120,KBS,50% market_cap_est + 50% 7d_adtv
LCG,HOSE,9.99,2026-04-21,1790414.2857142857,80,206602129,209,2026-04-21 21:07:07,206602129,2063955268.71,0.6822429906542056,0.8800623052959502,0.7811526479750779,121,KBS,50% market_cap_est + 50% 7d_adtv
QCG,HOSE,13.95,2026-04-21,535400.0,80,275129141,275,2026-04-21 21:10:51,275129141,3838051516.95,0.7632398753894081,0.7912772585669782,0.7772585669781931,122,KBS,50% market_cap_est + 50% 7d_adtv
BWE,HOSE,43.7,2026-04-21,269928.5714285714,80,219928644,220,2026-04-21 21:01:35,219928644,9610881742.800001,0.838006230529595,0.7149532710280374,0.7764797507788161,123,KBS,50% market_cap_est + 50% 7d_adtv
AAA,HOSE,7.05,2026-04-21,798000.0,80,393742730,394,2026-04-21 20:59:59,393742730,2775886246.5,0.7227414330218068,0.8302180685358256,0.7764797507788161,124,KBS,50% market_cap_est + 50% 7d_adtv
TAL,HOSE,44.3,2026-04-21,165014.2857142857,80,360000000,360,2026-04-21 21:12:49,360000000,15947999999.999998,0.881619937694704,0.6666666666666666,0.7741433021806854,125,KBS,50% market_cap_est + 50% 7d_adtv
NAF,HOSE,50.6,2026-04-21,617371.4285714285,80,61181992,61,2026-04-21 21:08:01,61181992,3095808795.2000003,0.735202492211838,0.8099688473520249,0.7725856697819314,126,KBS,50% market_cap_est + 50% 7d_adtv
KSF,HNX,91.0,2026-04-21,60728.57142857143,80,899787308,900,2026-04-21 21:06:54,899787308,81880645028.0,0.9626168224299065,0.5794392523364486,0.7710280373831775,127,KBS,50% market_cap_est + 50% 7d_adtv
FCN,HOSE,13.5,2026-04-21,1062585.7142857143,80,157439005,157,2026-04-21 21:04:12,157439005,2125426567.5,0.6884735202492211,0.8520249221183801,0.7702492211838006,128,KBS,50% market_cap_est + 50% 7d_adtv
TLG,HOSE,51.0,2026-04-21,343228.5714285714,80,96528340,97,2026-04-21 21:13:37,96528340,4922945340.0,0.7772585669781932,0.7538940809968847,0.7655763239875389,129,KBS,50% market_cap_est + 50% 7d_adtv
KSB,HOSE,16.0,2026-04-21,1298028.5714285714,80,114443703,115,2026-04-21 21:06:51,114443703,1831099248.0,0.6635514018691588,0.867601246105919,0.7655763239875389,130,KBS,50% market_cap_est + 50% 7d_adtv
HQC,HOSE,2.58,2026-04-21,2192785.714285714,80,626599274,577,2026-04-21 21:05:46,626599274,1616626126.92,0.6417445482866043,0.8894080996884736,0.7655763239875389,131,KBS,50% market_cap_est + 50% 7d_adtv
NTP,HNX,61.4,2026-04-21,177657.14285714287,80,171038220,171,2026-04-21 21:08:41,171038220,10501746708.0,0.8535825545171339,0.6728971962616822,0.7632398753894081,132,KBS,50% market_cap_est + 50% 7d_adtv
YEG,HOSE,10.15,2026-04-21,1066757.142857143,80,191802035,192,2026-04-21 21:16:22,191802035,1946790655.25,0.6713395638629284,0.8535825545171339,0.7624610591900312,133,KBS,50% market_cap_est + 50% 7d_adtv
CSV,HOSE,27.0,2026-04-21,562485.7142857143,80,110499910,110,2026-04-21 21:02:33,110499910,2983497570.0,0.7274143302180686,0.7959501557632399,0.7616822429906542,134,KBS,50% market_cap_est + 50% 7d_adtv
KLB,HOSE,14.0,2026-04-21,236571.42857142858,74,578370526,582,2026-04-21 21:06:45,578370526,8097187364.0,0.8161993769470405,0.7024922118380063,0.7593457943925234,135,KBS,50% market_cap_est + 50% 7d_adtv
DPR,HOSE,40.75,2026-04-21,357128.5714285714,80,86885932,87,2026-04-21 21:03:27,86885932,3540601729.0,0.7507788161993769,0.7601246105919003,0.7554517133956387,136,KBS,50% market_cap_est + 50% 7d_adtv
VOS,HOSE,12.8,2026-04-21,1028500.0,80,140000000,140,2026-04-21 21:15:41,140000000,1792000000.0,0.6573208722741433,0.8489096573208723,0.7531152647975078,137,KBS,50% market_cap_est + 50% 7d_adtv
PPC,HOSE,10.1,2026-04-21,363728.5714285714,80,320613054,326,2026-04-21 21:10:00,320613054,3238191845.4,0.7398753894080997,0.764797507788162,0.7523364485981309,138,KBS,50% market_cap_est + 50% 7d_adtv
CRE,HOSE,7.6,2026-04-21,327585.71428571426,80,463678426,464,2026-04-21 21:02:26,463678426,3523956037.6,0.7476635514018691,0.7507788161993769,0.7492211838006231,139,KBS,50% market_cap_est + 50% 7d_adtv
PHR,HOSE,62.0,2026-04-21,181142.85714285713,80,135499198,135,2026-04-21 21:09:29,135499198,8400950276.0,0.822429906542056,0.6744548286604362,0.7484423676012462,140,KBS,50% market_cap_est + 50% 7d_adtv
HPA,HOSE,37.5,2026-04-21,125500.0,48,285000000,285,2026-04-21 21:05:42,285000000,10687500000.0,0.8551401869158879,0.6401869158878505,0.7476635514018692,141,KBS,50% market_cap_est + 50% 7d_adtv
DHC,HOSE,36.8,2026-04-21,303000.0,80,96591206,97,2026-04-21 21:03:08,96591206,3554556380.7999997,0.7538940809968847,0.7336448598130841,0.7437694704049844,142,KBS,50% market_cap_est + 50% 7d_adtv
VFS,HNX,13.0,2026-04-21,663142.8571428572,80,139967442,140,2026-04-21 21:14:56,139967442,1819576746.0,0.661993769470405,0.8208722741433022,0.7414330218068537,143,KBS,50% market_cap_est + 50% 7d_adtv
AGR,HOSE,14.6,2026-04-21,306157.14285714284,80,228311776,228,2026-04-21 21:00:26,228311776,3333351929.6,0.7414330218068536,0.7367601246105919,0.7390965732087227,144,KBS,50% market_cap_est + 50% 7d_adtv
CRC,HOSE,9.4,2026-04-21,3582371.4285714286,80,106699924,107,2026-04-21 21:02:25,106699924,1002979285.6,0.557632398753894,0.9190031152647975,0.7383177570093458,145,KBS,50% market_cap_est + 50% 7d_adtv
MSH,HOSE,38.1,2026-04-21,229342.85714285713,80,112521020,113,2026-04-21 21:07:52,112521020,4287050862.0,0.7710280373831776,0.7009345794392523,0.735981308411215,146,KBS,50% market_cap_est + 50% 7d_adtv
BFC,HOSE,65.3,2026-04-21,267428.5714285714,80,57167993,57,2026-04-21 21:01:06,57167993,3733069942.8999996,0.7601246105919003,0.7118380062305296,0.735981308411215,147,KBS,50% market_cap_est + 50% 7d_adtv
VTZ,HNX,19.9,2026-04-21,888314.2857142857,80,76159833,76,2026-04-21 21:16:15,76159833,1515580676.6999998,0.6308411214953271,0.8364485981308412,0.7336448598130841,148,KBS,50% market_cap_est + 50% 7d_adtv
MIG,HOSE,17.7,2026-04-21,218728.57142857142,80,211503463,212,2026-04-21 21:07:48,211503463,3743611295.1,0.7616822429906542,0.6978193146417445,0.7297507788161994,149,KBS,50% market_cap_est + 50% 7d_adtv
PVP,HOSE,16.7,2026-04-21,610342.8571428572,80,103702452,104,2026-04-21 21:10:46,103702452,1731830948.3999999,0.6510903426791277,0.8037383177570093,0.7274143302180685,150,KBS,50% market_cap_est + 50% 7d_adtv
PVC,HNX,16.6,2026-04-21,1034400.0,80,81194463,81,2026-04-21 21:10:35,81194463,1347828085.8000002,0.602803738317757,0.8504672897196262,0.7266355140186915,151,KBS,50% market_cap_est + 50% 7d_adtv
PVI,HNX,77.0,2026-04-21,46442.857142857145,80,234241847,234,2026-04-21 21:10:41,234241847,18036622219.0,0.8925233644859814,0.557632398753894,0.7250778816199377,152,KBS,50% market_cap_est + 50% 7d_adtv
LAS,HNX,16.5,2026-04-21,495228.5714285714,80,112856400,113,2026-04-21 21:07:01,112856400,1862130600.0,0.6651090342679128,0.7819314641744548,0.7235202492211839,153,KBS,50% market_cap_est + 50% 7d_adtv
TTA,HOSE,11.3,2026-04-21,395871.4285714286,80,178559087,179,2026-04-21 21:14:09,178559087,2017717683.1000001,0.677570093457944,0.7679127725856698,0.7227414330218069,154,KBS,50% market_cap_est + 50% 7d_adtv
PAC,HOSE,23.1,2026-04-21,578842.8571428572,80,69707328,70,2026-04-21 21:08:56,69707328,1610239276.8000002,0.6401869158878505,0.8006230529595015,0.720404984423676,155,KBS,50% market_cap_est + 50% 7d_adtv
VGS,HNX,25.1,2026-04-21,564285.7142857143,80,61524155,62,2026-04-21 21:15:00,61524155,1544256290.5,0.6370716510903427,0.7975077881619937,0.7172897196261683,156,KBS,50% market_cap_est + 50% 7d_adtv
MST,HNX,8.2,2026-04-21,2091771.4285714286,80,113604220,114,2026-04-21 21:07:55,113604220,931554603.9999999,0.5420560747663551,0.8878504672897196,0.7149532710280373,157,KBS,50% market_cap_est + 50% 7d_adtv
HHP,HOSE,12.85,2026-04-21,1165328.5714285714,80,86554343,87,2026-04-21 21:05:22,86554343,1112223307.55,0.5700934579439252,0.8582554517133957,0.7141744548286604,158,KBS,50% market_cap_est + 50% 7d_adtv
NTL,HOSE,15.8,2026-04-21,348428.5714285714,80,121979900,122,2026-04-21 21:08:39,121979900,1927282420.0,0.6697819314641744,0.7570093457943925,0.7133956386292835,159,KBS,50% market_cap_est + 50% 7d_adtv
SHI,HOSE,14.2,2026-04-21,286814.28571428574,80,169949549,170,2026-04-21 21:11:55,169949549,2413283595.7999997,0.7024922118380063,0.719626168224299,0.7110591900311527,160,KBS,50% market_cap_est + 50% 7d_adtv
IDI,HOSE,6.66,2026-04-21,360442.85714285716,80,273172668,273,2026-04-21 21:06:13,273172668,1819329968.88,0.660436137071651,0.7616822429906542,0.7110591900311527,161,KBS,50% market_cap_est + 50% 7d_adtv
TDP,HOSE,29.5,2026-04-21,224757.14285714287,80,93699574,94,2026-04-21 21:13:13,93699574,2764137433.0,0.721183800623053,0.6993769470404985,0.7102803738317758,162,KBS,50% market_cap_est + 50% 7d_adtv
KSV,HNX,159.0,2026-04-21,26128.571428571428,80,200000000,200,2026-04-21 21:06:56,200000000,31800000000.0,0.926791277258567,0.49065420560747663,0.7087227414330218,163,KBS,50% market_cap_est + 50% 7d_adtv
ASM,HOSE,5.7,2026-04-21,287871.4285714286,80,407194183,407,2026-04-21 21:00:44,407194183,2321006843.1,0.6962616822429907,0.721183800623053,0.7087227414330218,164,KBS,50% market_cap_est + 50% 7d_adtv
SCS,HOSE,54.0,2026-04-21,117042.85714285714,80,102076982,95,2026-04-21 21:11:24,102076982,5512157028.0,0.7881619937694704,0.6292834890965732,0.7087227414330217,165,KBS,50% market_cap_est + 50% 7d_adtv
VVS,HOSE,143.0,2026-04-21,192314.2857142857,80,21525000,22,2026-04-21 21:16:16,21525000,3078075000.0,0.7320872274143302,0.6853582554517134,0.7087227414330217,166,KBS,50% market_cap_est + 50% 7d_adtv
BMI,HOSE,15.5,2026-04-21,251985.7142857143,80,150547626,151,2026-04-21 21:01:16,150547626,2333488203.0,0.6993769470404985,0.7087227414330218,0.7040498442367602,167,KBS,50% market_cap_est + 50% 7d_adtv
EVG,HOSE,6.7,2026-04-21,504657.14285714284,80,215249836,215,2026-04-21 21:04:08,215249836,1442173901.2,0.6214953271028038,0.7850467289719626,0.7032710280373832,168,KBS,50% market_cap_est + 50% 7d_adtv
CDC,HOSE,18.5,2026-04-21,1068385.7142857143,80,52772661,53,2026-04-21 21:01:50,52772661,976294228.5,0.5514018691588785,0.8551401869158879,0.7032710280373832,169,KBS,50% market_cap_est + 50% 7d_adtv
CTI,HOSE,22.2,2026-04-21,543200.0,80,62999997,63,2026-04-21 21:02:41,62999997,1398599933.3999999,0.6121495327102804,0.7928348909657321,0.7024922118380063,170,KBS,50% market_cap_est + 50% 7d_adtv
TIG,HNX,6.7,2026-04-21,612971.4285714285,80,193606205,194,2026-04-21 21:13:29,193606205,1297161573.5,0.5965732087227414,0.8068535825545171,0.7017133956386292,171,KBS,50% market_cap_est + 50% 7d_adtv
PTB,HOSE,49.25,2026-04-21,118557.14285714286,80,80326084,80,2026-04-21 21:10:21,80326084,3956059637.0,0.764797507788162,0.632398753894081,0.6985981308411215,172,KBS,50% market_cap_est + 50% 7d_adtv
SJS,HOSE,54.9,2026-04-21,29085.714285714286,80,297474828,297,2026-04-21 21:12:07,297474828,16331368057.199999,0.8847352024922118,0.5031152647975078,0.6939252336448598,173,KBS,50% market_cap_est + 50% 7d_adtv
DRC,HOSE,13.3,2026-04-21,243957.14285714287,80,154429283,154,2026-04-21 21:03:30,154429283,2053909463.9,0.6806853582554517,0.705607476635514,0.6931464174454829,174,KBS,50% market_cap_est + 50% 7d_adtv
AGG,HOSE,12.6,2026-04-21,241957.14285714287,80,162528081,163,2026-04-21 21:00:24,162528081,2047853820.6,0.6791277258566978,0.7040498442367601,0.6915887850467289,175,KBS,50% market_cap_est + 50% 7d_adtv
ELC,HOSE,17.75,2026-04-21,252728.57142857142,80,110051943,110,2026-04-21 21:04:03,110051943,1953421988.25,0.6728971962616822,0.7102803738317757,0.6915887850467289,176,KBS,50% market_cap_est + 50% 7d_adtv
PLC,HNX,23.1,2026-04-21,275328.5714285714,80,80797566,81,2026-04-21 21:09:38,80797566,1866423774.6000001,0.6666666666666666,0.7165109034267912,0.6915887850467289,177,KBS,50% market_cap_est + 50% 7d_adtv
CTF,HOSE,18.15,2026-04-21,297028.5714285714,80,95653859,96,2026-04-21 21:02:38,95653859,1736117540.85,0.6526479750778816,0.7289719626168224,0.690809968847352,178,KBS,50% market_cap_est + 50% 7d_adtv
VCS,HNX,39.9,2026-04-21,57071.42857142857,80,160000000,160,2026-04-21 21:14:48,160000000,6384000000.0,0.7990654205607477,0.5716510903426791,0.6853582554517135,179,KBS,50% market_cap_est + 50% 7d_adtv
HPX,HOSE,4.9,2026-04-21,318485.71428571426,80,304168581,304,2026-04-21 21:05:45,304168581,1490426046.9,0.6261682242990654,0.7445482866043613,0.6853582554517134,180,KBS,50% market_cap_est + 50% 7d_adtv
BIC,HOSE,24.2,2026-04-21,67100.0,80,202067057,202,2026-04-21 21:01:09,202067057,4890022779.4,0.7757009345794392,0.5872274143302181,0.6814641744548287,181,KBS,50% market_cap_est + 50% 7d_adtv
DLG,HOSE,2.78,2026-04-21,920814.2857142857,80,299309720,299,2026-04-21 21:03:19,299309720,832081021.5999999,0.5218068535825545,0.8411214953271028,0.6814641744548287,182,KBS,50% market_cap_est + 50% 7d_adtv
APG,HOSE,5.1,2026-04-21,436457.14285714284,80,223621942,224,2026-04-21 21:00:36,223621942,1140471904.1999998,0.5763239875389408,0.7757009345794392,0.67601246105919,183,KBS,50% market_cap_est + 50% 7d_adtv
LDG,HOSE,3.5,2026-04-21,615857.1428571428,80,255615849,257,2026-04-21 21:07:09,255615849,894655471.5,0.5404984423676013,0.8084112149532711,0.6744548286604362,184,KBS,50% market_cap_est + 50% 7d_adtv
TTF,HOSE,2.63,2026-04-21,480028.5714285714,80,411182434,394,2026-04-21 21:14:14,411182434,1081409801.4199998,0.5669781931464174,0.7772585669781932,0.6721183800623053,185,KBS,50% market_cap_est + 50% 7d_adtv
FIT,HOSE,4.2,2026-04-21,277528.5714285714,80,339933034,340,2026-04-21 21:04:18,339933034,1427718742.8,0.6199376947040498,0.7180685358255452,0.6690031152647975,186,KBS,50% market_cap_est + 50% 7d_adtv
BVS,HNX,26.3,2026-04-21,160314.2857142857,80,72200145,72,2026-04-21 21:01:34,72200145,1898863813.5,0.6682242990654206,0.661993769470405,0.6651090342679128,187,KBS,50% market_cap_est + 50% 7d_adtv
SAM,HOSE,6.82,2026-04-21,92342.85714285714,80,379960971,380,2026-04-21 21:11:09,379960971,2591333822.2200003,0.7133956386292835,0.6121495327102804,0.6627725856697819,188,KBS,50% market_cap_est + 50% 7d_adtv
SMC,HOSE,13.4,2026-04-21,400300.0,80,73606837,74,2026-04-21 21:12:14,73606837,986331615.8000001,0.5545171339563862,0.7694704049844237,0.661993769470405,189,KBS,50% market_cap_est + 50% 7d_adtv
IMP,HOSE,55.1,2026-04-21,27328.571428571428,80,154008962,154,2026-04-21 21:06:20,154008962,8485893806.2,0.8255451713395638,0.4968847352024922,0.6612149532710281,190,KBS,50% market_cap_est + 50% 7d_adtv
NRC,HNX,6.6,2026-04-21,1683071.4285714286,80,92597762,93,2026-04-21 21:08:30,92597762,611145229.1999999,0.4454828660436137,0.8769470404984424,0.6612149532710281,191,KBS,50% market_cap_est + 50% 7d_adtv
AAV,HNX,9.0,2026-04-21,1259485.7142857143,80,68987661,69,2026-04-21 21:00:04,68987661,620888949.0,0.4532710280373832,0.8660436137071651,0.6596573208722741,192,KBS,50% market_cap_est + 50% 7d_adtv
MCM,HOSE,27.8,2026-04-21,62071.42857142857,80,110000000,110,2026-04-21 21:07:35,110000000,3058000000.0,0.7289719626168224,0.5809968847352025,0.6549844236760125,193,KBS,50% market_cap_est + 50% 7d_adtv
PGV,HOSE,23.55,2026-04-21,8885.714285714286,80,1123468046,1123,2026-04-21 21:09:24,1123468046,26457672483.3,0.9158878504672897,0.3894080996884735,0.6526479750778816,194,KBS,50% market_cap_est + 50% 7d_adtv
DHG,HOSE,99.7,2026-04-21,14685.714285714286,80,130746071,131,2026-04-21 21:03:10,130746071,13035383278.7,0.867601246105919,0.43769470404984423,0.6526479750778816,195,KBS,50% market_cap_est + 50% 7d_adtv
TVS,HOSE,13.75,2026-04-21,49471.42857142857,80,224439917,224,2026-04-21 21:14:24,224439917,3086048858.75,0.7336448598130841,0.5638629283489096,0.6487538940809969,196,KBS,50% market_cap_est + 50% 7d_adtv
GIL,HOSE,13.55,2026-04-21,198442.85714285713,80,101596218,102,2026-04-21 21:04:38,101596218,1376628753.9,0.6059190031152648,0.6915887850467289,0.6487538940809969,197,KBS,50% market_cap_est + 50% 7d_adtv
IPA,HNX,15.8,2026-04-21,45928.57142857143,80,213835775,214,2026-04-21 21:06:25,213835775,3378605245.0,0.7429906542056075,0.5529595015576324,0.64797507788162,198,KBS,50% market_cap_est + 50% 7d_adtv
TNH,HOSE,10.35,2026-04-21,138828.57142857142,80,165751943,166,2026-04-21 21:13:52,165751943,1715532610.05,0.6464174454828661,0.6495327102803738,0.64797507788162,199,KBS,50% market_cap_est + 50% 7d_adtv
HAX,HOSE,10.35,2026-04-21,290357.14285714284,80,107439681,107,2026-04-21 21:05:03,107439681,1112000698.35,0.5685358255451713,0.7242990654205608,0.6464174454828661,200,KBS,50% market_cap_est + 50% 7d_adtv
